fra;week;P_f;P_h;P;T_f;T_h;T;cl_age90;pop
FR;2020-S21;64;56;125;5328;6254;11817;09;7763205.6862729
FR;2020-S21;146;100;253;6401;6314;12893;19;8336486.16053724
FR;2020-S21;306;247;556;17343;12302;29847;29;7476787.18780411
FR;2020-S21;280;228;520;19959;13672;33845;39;8295371.93193955
FR;2020-S21;317;257;577;19213;13580;33026;49;8592886.15993015
FR;2020-S21;302;257;561;19562;14656;34428;59;8792674.76801071
FR;2020-S21;189;219;411;14111;13497;27828;69;8004082.76030424
FR;2020-S21;206;231;438;11785;12084;24030;79;5695639.13079729
FR;2020-S21;449;225;674;13641;8916;22688;89;3245280.60813097
FR;2020-S21;447;107;556;9795;3150;13025;90;912580.606272853
FR;2020-S21;2706;1930;4677;137167;104474;243539;0;67114995
FR;2020-S22;60;59;137;6186;7410;13928;09;7763205.6862729
FR;2020-S22;109;171;285;7988;8689;16913;19;8336486.16053724
FR;2020-S22;282;300;590;19018;14687;34023;29;7476787.18780411
FR;2020-S22;269;241;515;21207;15342;36858;39;8295371.93193955
FR;2020-S22;283;259;549;20558;15071;35905;49;8592886.15993015
FR;2020-S22;271;180;456;21280;16229;37778;59;8792674.76801071
FR;2020-S22;174;178;355;15903;15570;31704;69;8004082.76030424
FR;2020-S22;140;141;287;13404;14129;27760;79;5695639.13079729
FR;2020-S22;285;152;440;15221;9931;25331;89;3245280.60813097
FR;2020-S22;317;59;376;9951;3315;13323;90;912580.606272853
FR;2020-S22;2191;1741;4024;150777;120441;273803;0;67114995
FR;2020-S23;47;59;116;4720;5792;10727;09;7763205.6862729
FR;2020-S23;96;95;197;6761;6896;13883;19;8336486.16053724
FR;2020-S23;233;205;443;14234;11804;26318;29;7476787.18780411
FR;2020-S23;259;202;470;15660;11963;27902;39;8295371.93193955
FR;2020-S23;236;200;443;14972;11834;27075;49;8592886.15993015
FR;2020-S23;212;180;395;15801;13265;29390;59;8792674.76801071
FR;2020-S23;135;155;293;12987;13612;26881;69;8004082.76030424
FR;2020-S23;118;117;237;11599;12481;24340;79;5695639.13079729
FR;2020-S23;216;121;337;12280;8466;20931;89;3245280.60813097
FR;2020-S23;210;55;266;7772;2746;10606;90;912580.606272853
FR;2020-S23;1762;1396;3230;116828;98896;218244;0;67114995
FR;2020-S24;75;98;201;4687;5398;11373;09;7763205.6862729
FR;2020-S24;118;112;270;6603;6623;15247;19;8336486.16053724
FR;2020-S24;237;219;511;13972;11131;28391;29;7476787.18780411
FR;2020-S24;277;221;537;15466;11681;30643;39;8295371.93193955
FR;2020-S24;224;202;468;14609;11832;29976;49;8592886.15993015
FR;2020-S24;181;188;409;15114;13272;32110;59;8792674.76801071
FR;2020-S24;118;141;283;12930;13975;30119;69;8004082.76030424
FR;2020-S24;106;111;229;11854;12825;27186;79;5695639.13079729
FR;2020-S24;131;74;230;11887;8369;21816;89;3245280.60813097
FR;2020-S24;118;32;162;6980;2538;10110;90;912580.606272853
FR;2020-S24;1585;1398;3301;114136;97679;237095;0;67114995
FR;2020-S25;100;91;231;4673;5389;11830;09;7763205.6862729
FR;2020-S25;157;142;340;6816;6745;16175;19;8336486.16053724
FR;2020-S25;258;222;552;12815;10472;27283;29;7476787.18780411
FR;2020-S25;307;285;658;14423;11238;29964;39;8295371.93193955
FR;2020-S25;236;228;532;13681;11040;29125;49;8592886.15993015
FR;2020-S25;201;182;426;14025;12531;31234;59;8792674.76801071
FR;2020-S25;134;132;293;13263;13460;31029;69;8004082.76030424
FR;2020-S25;95;103;223;12027;12601;28385;79;5695639.13079729
FR;2020-S25;102;78;200;11526;8438;22335;89;3245280.60813097
FR;2020-S25;72;22;101;6357;2500;9851;90;912580.606272853
FR;2020-S25;1663;1485;3566;109633;94449;237332;0;67114995
FR;2020-S26;99;104;212;8154;9158;17621;09;7763205.6862729
FR;2020-S26;202;161;373;10355;10480;21012;19;8336486.16053724
FR;2020-S26;320;319;651;17406;14017;31490;29;7476787.18780411
FR;2020-S26;346;299;652;19194;14898;34153;39;8295371.93193955
FR;2020-S26;260;274;538;17541;14588;32192;49;8592886.15993015
FR;2020-S26;210;224;438;17807;15537;33398;59;8792674.76801071
FR;2020-S26;137;132;272;16006;16386;32426;69;8004082.76030424
FR;2020-S26;82;112;194;13976;15112;29114;79;5695639.13079729
FR;2020-S26;95;63;158;13062;9623;22705;89;3245280.60813097
FR;2020-S26;66;21;87;7413;2733;10149;90;912580.606272853
FR;2020-S26;1819;1711;3579;140946;122565;264367;0;67114995
FR;2020-S27;118;115;251;15632;17577;33674;09;7763205.6862729
FR;2020-S27;189;191;390;15278;15109;30648;19;8336486.16053724
FR;2020-S27;343;312;669;22138;17076;39317;29;7476787.18780411
FR;2020-S27;357;323;690;25813;19493;45380;39;8295371.93193955
FR;2020-S27;280;283;570;22122;18772;40953;49;8592886.15993015
FR;2020-S27;221;233;460;21023;18215;39282;59;8792674.76801071
FR;2020-S27;162;169;336;18427;18396;36875;69;8004082.76030424
FR;2020-S27;84;93;178;15561;16150;31728;79;5695639.13079729
FR;2020-S27;98;61;159;14147;10028;24187;89;3245280.60813097
FR;2020-S27;69;17;90;7992;2933;10959;90;912580.606272853
FR;2020-S27;1923;1800;3839;178170;153816;333195;0;67114995
FR;2020-S28;147;118;271;16621;18699;35926;09;7763205.6862729
FR;2020-S28;219;228;451;17476;16305;34051;19;8336486.16053724
FR;2020-S28;402;326;734;27759;20615;48505;29;7476787.18780411
FR;2020-S28;379;297;685;34807;25136;60019;39;8295371.93193955
FR;2020-S28;313;282;599;26809;22315;49179;49;8592886.15993015
FR;2020-S28;236;259;499;24588;20622;45262;59;8792674.76801071
FR;2020-S28;171;179;352;21080;20490;41598;69;8004082.76030424
FR;2020-S28;93;116;209;16212;17189;33428;79;5695639.13079729
FR;2020-S28;73;48;121;13887;10170;24074;89;3245280.60813097
FR;2020-S28;46;15;61;7759;2850;10614;90;912580.606272853
FR;2020-S28;2079;1868;3992;207041;174484;382843;0;67114995
FR;2020-S29;106;148;261;12338;14283;27076;09;7763205.6862729
FR;2020-S29;218;262;487;19068;18413;37817;19;8336486.16053724
FR;2020-S29;438;388;832;32813;24710;57610;29;7476787.18780411
FR;2020-S29;420;411;835;36489;28475;65056;39;8295371.93193955
FR;2020-S29;327;320;654;27657;24426;52153;49;8592886.15993015
FR;2020-S29;279;294;574;25584;22102;47718;59;8792674.76801071
FR;2020-S29;192;197;389;22999;21761;44788;69;8004082.76030424
FR;2020-S29;131;139;270;17250;17853;35126;79;5695639.13079729
FR;2020-S29;69;58;127;13731;10182;23929;89;3245280.60813097
FR;2020-S29;44;13;57;7034;2840;9880;90;912580.606272853
FR;2020-S29;2225;2232;4503;215028;185215;401552;0;67114995
FR;2020-S30;161;169;334;13117;14879;28467;09;7763205.6862729
FR;2020-S30;383;335;725;23179;22482;46014;19;8336486.16053724
FR;2020-S30;808;669;1482;44556;34384;79111;29;7476787.18780411
FR;2020-S30;583;606;1192;45333;36686;82084;39;8295371.93193955
FR;2020-S30;437;465;907;35570;31588;67216;49;8592886.15993015
FR;2020-S30;414;364;784;34150;28874;63065;59;8792674.76801071
FR;2020-S30;293;259;555;29059;27224;56321;69;8004082.76030424
FR;2020-S30;191;188;379;22207;22275;44512;79;5695639.13079729
FR;2020-S30;104;74;178;17264;12673;29956;89;3245280.60813097
FR;2020-S30;61;23;84;9238;3474;12716;90;912580.606272853
FR;2020-S30;3435;3155;6633;273781;234779;509895;0;67114995
FR;2020-S31;172;186;366;12428;14377;27201;09;7763205.6862729
FR;2020-S31;488;476;978;28109;27492;56046;19;8336486.16053724
FR;2020-S31;1141;1170;2317;53350;44791;98276;29;7476787.18780411
FR;2020-S31;753;793;1550;51211;44059;95367;39;8295371.93193955
FR;2020-S31;531;490;1024;42374;38533;80966;49;8592886.15993015
FR;2020-S31;506;460;968;40152;35114;75319;59;8792674.76801071
FR;2020-S31;344;289;633;32554;30565;63153;69;8004082.76030424
FR;2020-S31;166;185;353;24056;24202;48286;79;5695639.13079729
FR;2020-S31;121;94;216;18228;13295;31537;89;3245280.60813097
FR;2020-S31;70;18;88;9635;3632;13275;90;912580.606272853
FR;2020-S31;4295;4167;8516;312187;276236;589748;0;67114995
FR;2020-S32;243;244;499;11489;12836;24736;09;7763205.6862729
FR;2020-S32;677;583;1270;28159;28838;57442;19;8336486.16053724
FR;2020-S32;1730;1688;3423;58507;50318;109000;29;7476787.18780411
FR;2020-S32;1067;1178;2251;52251;46644;99002;39;8295371.93193955
FR;2020-S32;780;736;1519;43780;39816;83660;49;8592886.15993015
FR;2020-S32;628;566;1195;41532;36475;78078;59;8792674.76801071
FR;2020-S32;421;367;789;32959;31096;64102;69;8004082.76030424
FR;2020-S32;217;301;518;23777;24408;48218;79;5695639.13079729
FR;2020-S32;168;136;304;17662;13302;30993;89;3245280.60813097
FR;2020-S32;86;42;128;9738;3711;13464;90;912580.606272853
FR;2020-S32;6020;5847;11919;319953;287635;609045;0;67114995
FR;2020-S33;298;294;599;11181;12542;24092;09;7763205.6862729
FR;2020-S33;1046;867;1926;30641;30978;62063;19;8336486.16053724
FR;2020-S33;2577;2703;5283;64709;56691;121567;29;7476787.18780411
FR;2020-S33;1431;1688;3119;52917;48602;101605;39;8295371.93193955
FR;2020-S33;1126;1158;2286;44372;40412;84845;49;8592886.15993015
FR;2020-S33;907;968;1875;41996;37473;79523;59;8792674.76801071
FR;2020-S33;548;520;1068;32000;31541;63583;69;8004082.76030424
FR;2020-S33;309;344;654;22919;23673;46623;79;5695639.13079729
FR;2020-S33;200;157;357;18390;13110;31523;89;3245280.60813097
FR;2020-S33;108;36;144;10692;3828;14528;90;912580.606272853
FR;2020-S33;8551;8736;17323;329897;299018;630278;0;67114995
FR;2020-S34;414;400;828;12885;14543;27877;09;7763205.6862729
FR;2020-S34;1617;1489;3118;41309;43207;85139;19;8336486.16053724
FR;2020-S34;4532;5014;9557;92205;82026;174475;29;7476787.18780411
FR;2020-S34;2356;2752;5111;71319;65054;136528;39;8295371.93193955
FR;2020-S34;1697;1812;3512;62471;54802;117368;49;8592886.15993015
FR;2020-S34;1462;1428;2892;59638;50401;110115;59;8792674.76801071
FR;2020-S34;830;867;1700;41704;40515;82282;69;8004082.76030424
FR;2020-S34;360;429;789;28693;28945;57675;79;5695639.13079729
FR;2020-S34;241;194;437;21949;15543;37528;89;3245280.60813097
FR;2020-S34;140;42;182;12863;4447;17327;90;912580.606272853
FR;2020-S34;13654;14431;28143;445211;399733;846798;0;67114995
FR;2020-S35;611;611;1250;15654;17435;33716;09;7763205.6862729
FR;2020-S35;2469;2233;4732;51109;51523;103572;19;8336486.16053724
FR;2020-S35;6581;6685;13286;115512;98027;213905;29;7476787.18780411
FR;2020-S35;3441;3741;7194;93199;77664;171118;39;8295371.93193955
FR;2020-S35;2467;2346;4824;83246;65640;149088;49;8592886.15993015
FR;2020-S35;2131;1925;4065;78818;62354;141369;59;8792674.76801071
FR;2020-S35;1182;1162;2346;51529;47774;99438;69;8004082.76030424
FR;2020-S35;595;608;1206;34313;33849;68229;79;5695639.13079729
FR;2020-S35;376;253;631;25593;17619;43267;89;3245280.60813097
FR;2020-S35;214;58;272;15243;5105;20382;90;912580.606272853
FR;2020-S35;20076;19632;39853;564401;477278;1044754;0;67114995
FR;2020-S36;925;966;1936;21941;24257;47215;09;7763205.6862729
FR;2020-S36;3594;3252;6909;50841;52086;104012;19;8336486.16053724
FR;2020-S36;7881;8114;16043;127406;105748;233643;29;7476787.18780411
FR;2020-S36;4548;4647;9214;104647;85759;190695;39;8295371.93193955
FR;2020-S36;3477;3130;6626;89486;71852;161599;49;8592886.15993015
FR;2020-S36;2998;2608;5615;84201;66714;151163;59;8792674.76801071
FR;2020-S36;1689;1667;3369;57281;52598;110123;69;8004082.76030424
FR;2020-S36;791;862;1656;37305;36725;74132;79;5695639.13079729
FR;2020-S36;574;413;990;27292;18683;46025;89;3245280.60813097
FR;2020-S36;325;112;438;15748;5281;21058;90;912580.606272853
FR;2020-S36;26818;25779;52827;616361;519932;1140150;0;67114995
FR;2020-S37;1477;1464;3011;58668;63890;125184;09;7763205.6862729
FR;2020-S37;4456;4532;9103;80726;81658;164326;19;8336486.16053724
FR;2020-S37;8736;8679;17461;134985;106475;241955;29;7476787.18780411
FR;2020-S37;5355;4841;10223;128423;97396;226197;39;8295371.93193955
FR;2020-S37;4578;3932;8530;101204;79188;180728;49;8592886.15993015
FR;2020-S37;4000;3491;7508;86016;67836;154095;59;8792674.76801071
FR;2020-S37;2136;2084;4237;56014;52873;109091;69;8004082.76030424
FR;2020-S37;1176;1158;2337;36936;36718;73762;79;5695639.13079729
FR;2020-S37;841;612;1458;29797;19929;49798;89;3245280.60813097
FR;2020-S37;607;191;798;18200;5927;24163;90;912580.606272853
FR;2020-S37;33376;30993;64697;731168;612132;1349791;0;67114995
FR;2020-S38;1276;1445;2776;46331;50986;99534;09;7763205.6862729
FR;2020-S38;5724;5753;11607;108884;110376;222169;19;8336486.16053724
FR;2020-S38;9976;9853;19867;136901;107731;245090;29;7476787.18780411
FR;2020-S38;6267;5509;11806;126138;94551;221023;39;8295371.93193955
FR;2020-S38;5425;4620;10069;104285;79836;184379;49;8592886.15993015
FR;2020-S38;4656;4061;8733;85951;66539;152692;59;8792674.76801071
FR;2020-S38;2611;2577;5204;55892;52301;108394;69;8004082.76030424
FR;2020-S38;1426;1444;2873;36921;36774;73783;79;5695639.13079729
FR;2020-S38;1102;759;1863;30810;20472;51387;89;3245280.60813097
FR;2020-S38;707;241;948;19763;6461;26316;90;912580.606272853
FR;2020-S38;39188;36282;75805;752069;626296;1385296;0;67114995
FR;2020-S39;864;914;1813;18921;21834;41596;09;7763205.6862729
FR;2020-S39;5384;5348;10842;89449;90240;181668;19;8336486.16053724
FR;2020-S39;9977;9528;19538;124512;99164;224066;29;7476787.18780411
FR;2020-S39;6112;5513;11635;98200;78261;176661;39;8295371.93193955
FR;2020-S39;5317;4565;9890;85896;68940;155020;49;8592886.15993015
FR;2020-S39;4763;4211;8981;77842;62810;140827;59;8792674.76801071
FR;2020-S39;2764;2704;5473;52079;49886;102086;69;8004082.76030424
FR;2020-S39;1503;1605;3112;35648;36075;71796;79;5695639.13079729
FR;2020-S39;1110;792;1906;30345;20154;50557;89;3245280.60813097
FR;2020-S39;640;220;862;19278;6339;25674;90;912580.606272853
FR;2020-S39;38456;35427;74118;632400;533988;1170529;0;67114995
FR;2020-S40;838;843;1732;13367;15313;29299;09;7763205.6862729
FR;2020-S40;5431;5391;10965;77934;78113;157725;19;8336486.16053724
FR;2020-S40;10096;9594;19730;116908;94627;211994;29;7476787.18780411
FR;2020-S40;6805;5979;12797;90707;74733;165614;39;8295371.93193955
FR;2020-S40;6176;5293;11483;79958;64907;145002;49;8592886.15993015
FR;2020-S40;5355;4812;10181;74504;62082;136712;59;8792674.76801071
FR;2020-S40;3118;3016;6151;51446;50819;102402;69;8004082.76030424
FR;2020-S40;1776;1837;3618;35251;35875;71191;79;5695639.13079729
FR;2020-S40;1255;859;2117;30566;20463;51075;89;3245280.60813097
FR;2020-S40;813;290;1107;20458;6724;27415;90;912580.606272853
FR;2020-S40;41679;37933;79932;591365;504009;1099092;0;67114995
FR;2020-S41;1311;1414;2803;15978;17974;34725;09;7763205.6862729
FR;2020-S41;7784;7944;15924;89746;90817;182747;19;8336486.16053724
FR;2020-S41;14102;12702;26855;130545;105391;236339;29;7476787.18780411
FR;2020-S41;10749;9593;20374;107925;87938;196071;39;8295371.93193955
FR;2020-S41;10065;8667;18760;95666;78064;173899;49;8592886.15993015
FR;2020-S41;8697;7976;16697;87265;71769;159176;59;8792674.76801071
FR;2020-S41;5297;5052;10377;59205;57581;116994;69;8004082.76030424
FR;2020-S41;2882;2885;5770;39110;39371;78524;79;5695639.13079729
FR;2020-S41;2157;1483;3642;33790;22215;56045;89;3245280.60813097
FR;2020-S41;1339;408;1748;22278;6961;29271;90;912580.606272853
FR;2020-S41;64398;58150;123012;681734;578379;1264377;0;67114995
FR;2020-S42;1842;1930;3877;21691;24469;47292;09;7763205.6862729
FR;2020-S42;10769;10654;21713;118061;118626;239766;19;8336486.16053724
FR;2020-S42;18053;15564;33659;158143;124545;283115;29;7476787.18780411
FR;2020-S42;15518;13121;28686;142348;110518;253113;39;8295371.93193955
FR;2020-S42;14718;12562;27320;130452;102836;233497;49;8592886.15993015
FR;2020-S42;12919;11602;24550;111949;90305;202412;59;8792674.76801071
FR;2020-S42;8237;7981;16275;72801;68433;141763;69;8004082.76030424
FR;2020-S42;4582;4660;9246;45685;45112;90836;79;5695639.13079729
FR;2020-S42;3716;2441;6158;41265;25811;67112;89;3245280.60813097
FR;2020-S42;2481;752;3234;29577;9061;38679;90;912580.606272853
FR;2020-S42;92865;81296;174792;872217;720057;1598218;0;67114995
FR;2020-S43;2546;2589;5249;24002;26760;51893;09;7763205.6862729
FR;2020-S43;13761;13373;27512;109536;104587;216833;19;8336486.16053724
FR;2020-S43;27273;23150;50527;195928;152779;349340;29;7476787.18780411
FR;2020-S43;24783;20867;45691;172993;136546;309832;39;8295371.93193955
FR;2020-S43;23464;20329;43841;158363;125200;283824;49;8592886.15993015
FR;2020-S43;21502;19149;40693;142929;111837;255001;59;8792674.76801071
FR;2020-S43;13709;13285;27048;88713;82913;172043;69;8004082.76030424
FR;2020-S43;8243;8073;16326;55527;52882;108489;79;5695639.13079729
FR;2020-S43;7288;4543;11840;53785;31412;85278;89;3245280.60813097
FR;2020-S43;5001;1623;6633;40976;11673;52729;90;912580.606272853
FR;2020-S43;147617;127036;275476;1043057;836944;1885963;0;67114995
FR;2020-S44;3512;3641;7351;26399;29420;57135;09;7763205.6862729
FR;2020-S44;17979;17074;35552;108627;102011;213302;19;8336486.16053724
FR;2020-S44;30172;24762;55036;209774;162932;373329;29;7476787.18780411
FR;2020-S44;29318;24141;53534;192765;153468;346580;39;8295371.93193955
FR;2020-S44;29047;23909;53022;176613;140024;316946;49;8592886.15993015
FR;2020-S44;26711;23807;50567;170115;132378;302751;59;8792674.76801071
FR;2020-S44;18078;16990;35150;110753;100751;212027;69;8004082.76030424
FR;2020-S44;11048;10746;21821;68828;64895;133838;79;5695639.13079729
FR;2020-S44;9188;5965;15161;66576;37904;104563;89;3245280.60813097
FR;2020-S44;6031;1943;7983;51819;14190;66072;90;912580.606272853
FR;2020-S44;181143;153042;335357;1182613;938409;2127405;0;67114995
FR;2020-S45;4177;4482;8862;31459;34035;66844;09;7763205.6862729
FR;2020-S45;18136;17903;36538;118399;114615;235807;19;8336486.16053724
FR;2020-S45;23153;19044;42278;177300;135706;313584;29;7476787.18780411
FR;2020-S45;24007;18926;42995;178570;136204;315100;39;8295371.93193955
FR;2020-S45;23931;19861;43853;171193;131960;303522;49;8592886.15993015
FR;2020-S45;22723;20746;43518;165039;128744;294115;59;8792674.76801071
FR;2020-S45;16073;15292;31438;108551;99306;208389;69;8004082.76030424
FR;2020-S45;10629;10127;20776;71369;66178;137665;79;5695639.13079729
FR;2020-S45;9241;5875;15139;74818;40694;115686;89;3245280.60813097
FR;2020-S45;6151;2015;8175;60772;16244;77126;90;912580.606272853
FR;2020-S45;158275;134332;293740;1157814;904054;2068632;0;67114995
FR;2020-S46;2784;2839;5745;24854;27171;53056;09;7763205.6862729
FR;2020-S46;10855;10618;21746;103134;99433;204954;19;8336486.16053724
FR;2020-S46;12318;9744;22111;122089;88832;211412;29;7476787.18780411
FR;2020-S46;12777;9945;22744;129596;93794;223640;39;8295371.93193955
FR;2020-S46;13367;10663;24059;128341;95407;223992;49;8592886.15993015
FR;2020-S46;13111;11344;24487;123034;94517;217808;59;8792674.76801071
FR;2020-S46;8809;8504;17365;79209;74280;153896;69;8004082.76030424
FR;2020-S46;6355;6212;12576;57453;53988;111541;79;5695639.13079729
FR;2020-S46;7330;4275;11618;67817;35968;103864;89;3245280.60813097
FR;2020-S46;5531;1682;7222;56634;14988;71705;90;912580.606272853
FR;2020-S46;93278;75864;169777;892435;678673;1576500;0;67114995
FR;2020-S47;2013;2145;4289;21620;24076;46619;09;7763205.6862729
FR;2020-S47;7221;7264;14652;85750;83261;170965;19;8336486.16053724
FR;2020-S47;8048;6322;14411;105428;75474;181343;29;7476787.18780411
FR;2020-S47;8634;6510;15163;114976;81105;196309;39;8295371.93193955
FR;2020-S47;9059;7071;16148;110844;81001;192074;49;8592886.15993015
FR;2020-S47;8296;7155;15477;105879;80180;186272;59;8792674.76801071
FR;2020-S47;5211;5097;10344;69821;65760;135866;69;8004082.76030424
FR;2020-S47;3881;3711;7601;52914;51160;104165;79;5695639.13079729
FR;2020-S47;5212;2939;8162;61774;34133;96008;89;3245280.60813097
FR;2020-S47;4208;1222;5434;50931;13690;64708;90;912580.606272853
FR;2020-S47;61837;49480;111897;780179;590150;1375099;0;67114995
FR;2020-S48;1286;1331;2672;17324;19270;37263;09;7763205.6862729
FR;2020-S48;4814;4691;9617;65485;64285;131155;19;8336486.16053724
FR;2020-S48;5665;4294;9984;92703;66330;159492;29;7476787.18780411
FR;2020-S48;6099;4492;10611;101202;71438;172916;39;8295371.93193955
FR;2020-S48;6250;4839;11115;94005;70271;164542;49;8592886.15993015
FR;2020-S48;5828;4821;10670;93019;69975;163235;59;8792674.76801071
FR;2020-S48;3390;3247;6654;64643;61554;126499;69;8004082.76030424
FR;2020-S48;2673;2549;5227;49586;48631;98325;79;5695639.13079729
FR;2020-S48;3977;2121;6110;55037;31510;86631;89;3245280.60813097
FR;2020-S48;3289;981;4275;44402;12152;56605;90;912580.606272853
FR;2020-S48;43285;33383;76973;677583;515633;1197087;0;67114995
FR;2020-S49;1152;1335;2547;15030;16883;32546;09;7763205.6862729
FR;2020-S49;4151;4084;8335;55699;55052;111824;19;8336486.16053724
FR;2020-S49;5727;4240;9989;92558;65835;158742;29;7476787.18780411
FR;2020-S49;5922;4353;10295;98849;70245;169343;39;8295371.93193955
FR;2020-S49;5754;4523;10295;89955;67441;157607;49;8592886.15993015
FR;2020-S49;5404;4447;9869;89603;67549;157396;59;8792674.76801071
FR;2020-S49;3299;3231;6551;64744;61374;126347;69;8004082.76030424
FR;2020-S49;2478;2285;4772;49358;48667;98122;79;5695639.13079729
FR;2020-S49;3807;2086;5896;52766;31197;84045;89;3245280.60813097
FR;2020-S49;3361;954;4317;41431;11845;53335;90;912580.606272853
FR;2020-S49;41064;31547;72891;650164;496330;1149760;0;67114995
FR;2020-S50;1280;1344;2666;17191;18999;36808;09;7763205.6862729
FR;2020-S50;4541;4566;9201;63588;63261;127988;19;8336486.16053724
FR;2020-S50;6424;4995;11446;109772;79565;189763;29;7476787.18780411
FR;2020-S50;6605;5151;11777;117146;85942;203405;39;8295371.93193955
FR;2020-S50;6407;5079;11520;102355;78969;181657;49;8592886.15993015
FR;2020-S50;5812;5079;10921;101905;78412;180603;59;8792674.76801071
FR;2020-S50;3743;3648;7410;74289;71021;145598;69;8004082.76030424
FR;2020-S50;2792;2653;5454;54380;53926;108442;79;5695639.13079729
FR;2020-S50;3774;2138;5918;53695;32874;86664;89;3245280.60813097
FR;2020-S50;3178;925;4105;39728;11945;51723;90;912580.606272853
FR;2020-S50;44569;35586;80449;734243;575156;1313118;0;67114995
FR;2020-S51;1385;1486;2923;31725;34499;67313;09;7763205.6862729
FR;2020-S51;5765;5576;11445;138571;136120;277306;19;8336486.16053724
FR;2020-S51;8072;6012;14119;197682;149018;347360;29;7476787.18780411
FR;2020-S51;8317;6653;14989;211837;162460;374798;39;8295371.93193955
FR;2020-S51;7926;6321;14271;189720;153864;344003;49;8592886.15993015
FR;2020-S51;7346;6367;13737;172587;137772;310737;59;8792674.76801071
FR;2020-S51;4831;4797;9650;130432;119107;250036;69;8004082.76030424
FR;2020-S51;3544;3305;6857;89452;86064;175679;79;5695639.13079729
FR;2020-S51;4166;2440;6615;65123;42355;107613;89;3245280.60813097
FR;2020-S51;3377;1012;4397;42268;12896;55237;90;912580.606272853
FR;2020-S51;54744;43989;99053;1269665;1034485;2310738;0;67114995
FR;2020-S52;1106;1139;2283;38806;41450;81357;09;7763205.6862729
FR;2020-S52;4330;4179;8582;159797;153430;315590;19;8336486.16053724
FR;2020-S52;7027;5557;12609;273612;214843;489397;29;7476787.18780411
FR;2020-S52;7150;5514;12678;279695;227497;507721;39;8295371.93193955
FR;2020-S52;6486;5552;12058;257096;217119;474762;49;8592886.15993015
FR;2020-S52;6305;5469;11784;230566;187835;418826;59;8792674.76801071
FR;2020-S52;4111;4157;8289;160161;142718;303339;69;8004082.76030424
FR;2020-S52;3015;2718;5745;103374;93998;197530;79;5695639.13079729
FR;2020-S52;3507;2000;5516;63826;41387;105321;89;3245280.60813097
FR;2020-S52;2657;853;3512;38533;11951;50610;90;912580.606272853
FR;2020-S52;45706;37148;83093;1605741;1332595;2945155;0;67114995
FR;2020-S53;1317;1293;2651;16735;18096;35271;09;7763205.6862729
FR;2020-S53;5366;5089;10539;93151;84130;178294;19;8336486.16053724
FR;2020-S53;8545;7060;15625;194355;160110;354953;29;7476787.18780411
FR;2020-S53;8357;6823;15198;158181;133562;292049;39;8295371.93193955
FR;2020-S53;7357;6320;13690;131202;110481;241931;49;8592886.15993015
FR;2020-S53;7220;6284;13519;135235;107563;243045;59;8792674.76801071
FR;2020-S53;5239;4933;10194;101811;92886;194994;69;8004082.76030424
FR;2020-S53;3614;3311;6939;65722;61244;127093;79;5695639.13079729
FR;2020-S53;3661;2128;5794;55579;32683;88368;89;3245280.60813097
FR;2020-S53;2471;781;3256;38524;11404;50024;90;912580.606272853
FR;2020-S53;53157;44029;97428;990637;812365;1806397;0;67114995
FR;2021-S01;1829;2022;3913;18438;20228;39230;09;7763205.6862729
FR;2021-S01;7861;7461;15459;93564;87690;182561;19;8336486.16053724
FR;2021-S01;11524;9870;21434;193880;151100;345546;29;7476787.18780411
FR;2021-S01;10501;8771;19311;173390;137348;311151;39;8295371.93193955
FR;2021-S01;9475;8156;17664;154289;123404;278093;49;8592886.15993015
FR;2021-S01;9173;7828;17030;159367;123925;283709;59;8792674.76801071
FR;2021-S01;6436;6101;12572;113086;104005;217583;69;8004082.76030424
FR;2021-S01;4380;4008;8404;76408;73102;149686;79;5695639.13079729
FR;2021-S01;4536;2657;7203;68915;40546;109590;89;3245280.60813097
FR;2021-S01;3154;1062;4218;48420;14212;62717;90;912580.606272853
FR;2021-S01;68881;57952;127244;1099950;875769;1980312;0;67114995
FR;2021-S02;2112;2215;4419;25115;27267;53278;09;7763205.6862729
FR;2021-S02;7930;7964;16053;107637;104999;214492;19;8336486.16053724
FR;2021-S02;10560;8637;19237;170568;128614;299822;29;7476787.18780411
FR;2021-S02;10430;8588;19052;169543;133048;303002;39;8295371.93193955
FR;2021-S02;10116;8421;18565;154448;124585;279386;49;8592886.15993015
FR;2021-S02;9534;8380;17936;153057;122816;276224;59;8792674.76801071
FR;2021-S02;6218;6217;12465;107995;101861;210272;69;8004082.76030424
FR;2021-S02;4517;4224;8749;75145;72969;148258;79;5695639.13079729
FR;2021-S02;4980;2970;7964;66338;40583;107042;89;3245280.60813097
FR;2021-S02;3860;1207;5079;46639;13827;60545;90;912580.606272853
FR;2021-S02;70272;58843;129641;1076666;870845;1952905;0;67114995
FR;2021-S03;2863;2955;5941;34670;37614;73635;09;7763205.6862729
FR;2021-S03;9073;9295;18559;121871;121233;245280;19;8336486.16053724
FR;2021-S03;10970;8930;19934;171425;128397;300518;29;7476787.18780411
FR;2021-S03;11517;9119;20659;182698;137228;320253;39;8295371.93193955
FR;2021-S03;11461;9530;21015;159917;128153;288367;49;8592886.15993015
FR;2021-S03;10434;9269;19731;150124;120215;270579;59;8792674.76801071
FR;2021-S03;6845;6797;13679;104371;98271;203090;69;8004082.76030424
FR;2021-S03;4827;4429;9262;72101;69312;141516;79;5695639.13079729
FR;2021-S03;5127;3106;8241;63725;39626;103444;89;3245280.60813097
FR;2021-S03;3851;1157;5022;44327;13471;57876;90;912580.606272853
FR;2021-S03;76977;64610;142115;1105463;893793;2005186;0;67114995
FR;2021-S04;2925;3126;6206;40445;42729;84751;09;7763205.6862729
FR;2021-S04;9242;9546;19028;139583;138752;280744;19;8336486.16053724
FR;2021-S04;11048;8964;20066;188247;145506;334630;29;7476787.18780411
FR;2021-S04;12039;9318;21384;200485;152661;353572;39;8295371.93193955
FR;2021-S04;11656;9611;21291;170784;138160;309299;49;8592886.15993015
FR;2021-S04;10243;9136;19409;157377;126415;284120;59;8792674.76801071
FR;2021-S04;7045;6743;13834;110022;103801;214313;69;8004082.76030424
FR;2021-S04;4896;4701;9614;74030;71702;145858;79;5695639.13079729
FR;2021-S04;5257;3249;8527;65817;39962;105875;89;3245280.60813097
FR;2021-S04;3956;1185;5149;46317;13683;60081;90;912580.606272853
FR;2021-S04;78326;65601;144557;1193327;973628;2173773;0;67114995
FR;2021-S05;2887;3037;6038;45565;47983;95254;09;7763205.6862729
FR;2021-S05;9301;9403;18930;153050;151103;307033;19;8336486.16053724
FR;2021-S05;10904;9038;19985;186571;141815;329196;29;7476787.18780411
FR;2021-S05;11425;9196;20643;202812;150748;353877;39;8295371.93193955
FR;2021-S05;11438;9582;21042;177963;139556;317839;49;8592886.15993015
FR;2021-S05;9927;9146;19091;161404;127351;289027;59;8792674.76801071
FR;2021-S05;6878;6719;13655;113242;104946;218709;69;8004082.76030424
FR;2021-S05;4635;4333;8976;75443;72133;147700;79;5695639.13079729
FR;2021-S05;4690;2926;7625;66319;39959;106381;89;3245280.60813097
FR;2021-S05;3355;1049;4408;46655;13859;60622;90;912580.606272853
FR;2021-S05;75464;64457;140464;1229288;989772;2226291;0;67114995
FR;2021-S06;2838;2965;6008;52663;56320;111301;09;7763205.6862729
FR;2021-S06;8578;8687;17474;155302;152330;310917;19;8336486.16053724
FR;2021-S06;10361;8603;18997;179433;134661;314669;29;7476787.18780411
FR;2021-S06;11159;8862;20040;197413;144153;341842;39;8295371.93193955
FR;2021-S06;10543;9002;19557;177588;137220;315052;49;8592886.15993015
FR;2021-S06;8956;8364;17344;154763;121436;276419;59;8792674.76801071
FR;2021-S06;6252;6140;12450;107148;99367;207303;69;8004082.76030424
FR;2021-S06;3903;3629;7532;70581;67638;138298;79;5695639.13079729
FR;2021-S06;3773;2444;6222;61650;37336;99047;89;3245280.60813097
FR;2021-S06;2566;859;3430;43482;13101;56649;90;912580.606272853
FR;2021-S06;68944;59563;129096;1200254;963911;2172162;0;67114995
FR;2021-S07;2856;3026;5997;49082;52696;103678;09;7763205.6862729
FR;2021-S07;8910;9242;18376;145756;141481;289930;19;8336486.16053724
FR;2021-S07;11582;10160;21790;181024;138546;320003;29;7476787.18780411
FR;2021-S07;12212;10213;22465;193464;145643;339425;39;8295371.93193955
FR;2021-S07;11744;10296;22079;176181;139895;316365;49;8592886.15993015
FR;2021-S07;9747;9430;19217;154201;124243;278675;59;8792674.76801071
FR;2021-S07;6636;6417;13108;107616;99103;207181;69;8004082.76030424
FR;2021-S07;4202;3892;8105;70158;67934;138191;79;5695639.13079729
FR;2021-S07;3552;2393;5957;59430;36808;96310;89;3245280.60813097
FR;2021-S07;2266;757;3027;40937;12330;53307;90;912580.606272853
FR;2021-S07;73726;65851;140184;1178101;959047;2143774;0;67114995
FR;2021-S08;3039;3316;6498;37508;40699;79511;09;7763205.6862729
FR;2021-S08;9671;9785;19709;116514;112498;230852;19;8336486.16053724
FR;2021-S08;12671;11231;23948;186010;148534;335082;29;7476787.18780411
FR;2021-S08;12776;11068;23903;182918;148092;331366;39;8295371.93193955
FR;2021-S08;12335;11024;23406;162002;137440;299765;49;8592886.15993015
FR;2021-S08;10858;10432;21337;152862;128065;281266;59;8792674.76801071
FR;2021-S08;7384;7143;14578;112851;104039;217304;69;8004082.76030424
FR;2021-S08;4607;4289;8909;73543;70278;143946;79;5695639.13079729
FR;2021-S08;3330;2178;5517;57526;36084;93691;89;3245280.60813097
FR;2021-S08;1865;705;2576;37148;11772;48954;90;912580.606272853
FR;2021-S08;78550;71189;150431;1119116;937782;2062327;0;67114995
FR;2021-S09;3282;3598;7055;41734;45002;88742;09;7763205.6862729
FR;2021-S09;10216;10384;20899;120547;118886;241625;19;8336486.16053724
FR;2021-S09;13013;11498;24569;185671;149696;335832;29;7476787.18780411
FR;2021-S09;12610;11035;23692;175296;144892;320573;39;8295371.93193955
FR;2021-S09;12168;10529;22756;154001;131851;286173;49;8592886.15993015
FR;2021-S09;10386;10015;20448;151550;128295;280164;59;8792674.76801071
FR;2021-S09;7364;6863;14286;114657;106178;221378;69;8004082.76030424
FR;2021-S09;4418;4027;8455;74793;70714;145625;79;5695639.13079729
FR;2021-S09;2924;1971;4898;55329;35545;90935;89;3245280.60813097
FR;2021-S09;1330;555;1885;34276;11031;45339;90;912580.606272853
FR;2021-S09;77732;70499;149026;1108053;942329;2056978;0;67114995
FR;2021-S10;4483;4813;9564;77107;81709;163402;09;7763205.6862729
FR;2021-S10;13025;13367;26779;164359;165475;333593;19;8336486.16053724
FR;2021-S10;15839;14311;30213;201719;160476;362842;29;7476787.18780411
FR;2021-S10;15313;13426;28800;196859;158600;355964;39;8295371.93193955
FR;2021-S10;14496;13261;27811;173746;146073;320268;49;8592886.15993015
FR;2021-S10;12399;11857;24310;164283;137377;302082;59;8792674.76801071
FR;2021-S10;8315;7884;16287;119284;111073;231231;69;8004082.76030424
FR;2021-S10;4799;4380;9196;75032;71943;147136;79;5695639.13079729
FR;2021-S10;2975;2025;5011;54246;35245;89565;89;3245280.60813097
FR;2021-S10;1307;568;1876;33153;10613;43796;90;912580.606272853
FR;2021-S10;92967;85912;179902;1260052;1078899;2350565;0;67114995
FR;2021-S11;6255;6596;13186;116975;122163;245632;09;7763205.6862729
FR;2021-S11;15887;16393;32839;209751;209885;424975;19;8336486.16053724
FR;2021-S11;18045;16153;34272;220825;173596;395475;29;7476787.18780411
FR;2021-S11;18875;15678;34632;227122;176860;404741;39;8295371.93193955
FR;2021-S11;17300;15494;32876;199265;163045;362982;49;8592886.15993015
FR;2021-S11;14377;13637;28079;177424;147583;325544;59;8792674.76801071
FR;2021-S11;9869;9032;19016;125457;114124;240537;69;8004082.76030424
FR;2021-S11;5214;4865;10106;77024;72618;149810;79;5695639.13079729
FR;2021-S11;3249;2211;5472;53025;34361;87460;89;3245280.60813097
FR;2021-S11;1546;605;2156;31387;10333;41759;90;912580.606272853
FR;2021-S11;110638;100692;212691;1438574;1224928;2679719;0;67114995
FR;2021-S12;7940;8378;16695;152944;160424;320375;09;7763205.6862729
FR;2021-S12;21019;21725;43417;264383;265396;536605;19;8336486.16053724
FR;2021-S12;21177;18590;39887;251599;197515;450665;29;7476787.18780411
FR;2021-S12;22988;19165;42252;273048;207869;481975;39;8295371.93193955
FR;2021-S12;21648;19448;41195;239383;193316;433643;49;8592886.15993015
FR;2021-S12;17304;16590;33981;206269;169107;376038;59;8792674.76801071
FR;2021-S12;11395;10826;22397;144205;129366;275033;69;8004082.76030424
FR;2021-S12;6010;5637;11663;85066;78792;164030;79;5695639.13079729
FR;2021-S12;3716;2426;6152;57277;36738;94103;89;3245280.60813097
FR;2021-S12;1689;685;2376;33553;11322;44904;90;912580.606272853
FR;2021-S12;134923;123505;260107;1708157;1450271;3178421;0;67114995
FR;2021-S13;7968;8120;16489;180745;189497;378253;09;7763205.6862729
FR;2021-S13;22277;22982;46009;322756;328464;660342;19;8336486.16053724
FR;2021-S13;22677;20962;43781;292897;234446;529388;29;7476787.18780411
FR;2021-S13;23822;20310;44253;315442;245265;562298;39;8295371.93193955
FR;2021-S13;23037;21199;44367;278538;229354;509190;49;8592886.15993015
FR;2021-S13;18562;18017;36671;231812;194339;427100;59;8792674.76801071
FR;2021-S13;11750;11009;22873;154104;136635;291855;69;8004082.76030424
FR;2021-S13;6316;5876;12214;88485;81447;170150;79;5695639.13079729
FR;2021-S13;3870;2569;6453;59124;37526;96744;89;3245280.60813097
FR;2021-S13;1748;785;2533;35577;11561;47160;90;912580.606272853
FR;2021-S13;142065;131883;275751;1959972;1689010;3673600;0;67114995
FR;2021-S14;5024;5227;10568;69719;73650;146362;09;7763205.6862729
FR;2021-S14;16158;15797;32521;158542;153817;316366;19;8336486.16053724
FR;2021-S14;20738;19019;39928;226702;187415;415850;29;7476787.18780411
FR;2021-S14;20620;17940;38693;228296;188030;417652;39;8295371.93193955
FR;2021-S14;20259;18368;38739;204134;176434;381598;49;8592886.15993015
FR;2021-S14;16626;16077;32811;180882;155586;337189;59;8792674.76801071
FR;2021-S14;10502;9691;20233;123510;110756;234731;69;8004082.76030424
FR;2021-S14;5540;5173;10735;75522;69769;145527;79;5695639.13079729
FR;2021-S14;3376;2256;5639;54425;33940;88451;89;3245280.60813097
FR;2021-S14;1537;654;2195;34049;10771;44849;90;912580.606272853
FR;2021-S14;120419;110241;232152;1356074;1160398;2529254;0;67114995
FR;2021-S15;4691;4969;9918;43573;46337;91765;09;7763205.6862729
FR;2021-S15;15411;15112;30986;125206;118650;246997;19;8336486.16053724
FR;2021-S15;20367;19240;39785;217399;181714;401021;29;7476787.18780411
FR;2021-S15;19685;17936;37792;203452;174818;379741;39;8295371.93193955
FR;2021-S15;18874;17803;36802;184453;164067;349599;49;8592886.15993015
FR;2021-S15;16411;16406;32927;174185;151983;327025;59;8792674.76801071
FR;2021-S15;10397;9768;20220;119685;108726;228930;69;8004082.76030424
FR;2021-S15;5409;5213;10648;73556;68702;142481;79;5695639.13079729
FR;2021-S15;3348;2275;5633;55043;34220;89378;89;3245280.60813097
FR;2021-S15;1602;651;2256;34585;10875;45515;90;912580.606272853
FR;2021-S15;116224;109399;227049;1231407;1060326;2303274;0;67114995
